{
  "name": "BuddyBoss Platform REST API",
  "version": "1.0.0",
  "description": "The BuddyBoss Platform REST API is a developer-oriented feature. It provides an interface for applications to interact with your BuddyBoss Platform community by sending and receiving JSON-encoded objects. When you request content from or send content to the API, the response will be returned in JSON. Using the BuddyBoss Platform API you can build an interactive front-end experience, or sync your BuddyBoss content into completely separate applications.",
  "title": "BuddyBoss Platform REST API",
  "url": "{{root_url}}",
  "template": {
    "withCompare": true,
    "withGenerator": true
  },
  "sampleUrl": false,
  "defaultVersion": "0.0.0",
  "apidoc": "0.3.0",
  "generator": {
    "name": "apidoc",
    "time": "2025-09-23T12:16:26.490Z",
    "url": "http://apidocjs.com",
    "version": "0.22.1"
  }
}
